ID;Fecha;Cliente;Monto;Categoría
T001;01/01/2024;C004;2200.00;jugo
T002;2024-01-01;C002;1500;pastel
T003;2024-01-01;C004;1400.00;té
T004;2024-01-01;C003;1500.00;café
T005;2024/01/01;C005;1400.50;té
T006;2024-01-01;C003;2800;sándwich
T007;2024/01/01;C005;$1500,50;pastel
T008;2024-01-01;C005;2500.00;café
T009;2024-01-02;C007;1500.50;pastel
T010;2024-01-02;C003;1200.00;pastel
T011;02/01/2024;C004;1800.50;café
T012;2024/01/02;C004;$1400,50;té
T013;02/01/2024;;1500.50;pastel
T014;2024-01-02;C002;1500.00;pastel
T015;2024-01-02;C004;1500;pastel
T016;2024/01/03;C002;2200.50;jugo
T017;2024/01/03;C002;2200.50;jugo
T018;2024-01-03;C007;2800;sándwich
T019;2024-01-03;C004;1400;té
T020;2024-01-03;C004;2500.50;café
T021;2024-01-03;C005;3500;sándwich
T022;03/01/2024;C007;3500.50;sandwich
T023;2024-01-03;C004;1800.50;jugo
T024;2024-01-03;C004;2200;jugo
T025;2024-01-03;C006;$1200,50;pastel
T026;2024-01-04;C004;1500.50;pastel
T027;04/01/2024;C004;1400.00;té
T028;04/01/2024;C002;1200.50;pastel
T029;2024/01/04;C004;1600.00;té
T030;04/01/2024;C008;2200;jugo
T031;2024/01/04;C008;1600;té
T032;2024/01/04;C004;2200.50;jugo
T033;04/01/2024;C002;1800.00;jugo
T034;2024-01-05;C004;1400.00;té
T035;2024-01-05;C008;2200.00;jugo
T036;2024-01-05;C007;$1400,50;té
T037;2024-01-05;C007;3200;sándwich
T038;2024-01-05;C007;1500.50;pastel
T039;2024/01/06;C003;1800.50;jugo
T040;2024-01-06;C007;1400.00;té
T041;2024-01-06;C006;$2200,50;jugo
T042;2024-01-06;C002;3200;sandwich
T043;06/01/2024;C001;$1200,50;pastel
T044;2024-01-06;C004;1200;pastel
T045;06/01/2024;C005;1400.50;té
T046;2024-01-07;C002;$1500,50;café
T047;2024-01-07;C004;2200;jugo
T048;2024/01/07;C005;1200;pastel
T049;2024-01-07;C006;2500;cafe
T050;2024-01-07;C002;1800.50;café
T050;2024-01-07;C002;1800.50;café
T051;07/01/2024;C005;$1500,50;pastel
T052;2024-01-07;C005;2200.50;jugo
T053;2024-01-07;C008;3200;sándwich
T054;2024-01-07;C004;2200.00;jugo
T055;2024-01-07;C004;1600;té
T056;2024-01-07;C008;1800.00;jugo
T057;2024-01-07;C006;1800.00;jugo
T058;2024-01-07;C008;1600.00;té
T059;2024-01-08;C003;1500;pastel
T060;2024/01/08;C005;$3500,50;sándwich
T061;2024-01-08;C003;$2800,50;sándwich
T062;2024-01-08;C001;1500.00;pastel
T063;2024-01-08;C008;1200.00;pastel
T064;2024-01-08;C005;1400.50;té
T065;2024-01-08;C007;1800.50;jugo
T066;08/01/2024;C001;2200;jugo
T067;2024-01-08;C002;1200.00;pastel
T068;2024-01-08;C008;1800.50;café
T069;08/01/2024;C005;1800;jugo
T070;09/01/2024;C004;$1500,50;pastel
T071;2024-01-09;C005;$1200,50;pastel
T072;09/01/2024;C005;$3200,50;sándwich
T073;2024/01/09;C001;2200;jugo
T074;2024-01-09;;1600;té
T075;2024-01-09;C005;1400;té
T076;2024/01/09;C008;1500.50;pastel
T076;2024/01/09;C008;1500.50;pastel
T077;2024-01-09;C007;1800;jugo
T078;2024-01-09;C008;$1500,50;pastel
T079;2024-01-09;C006;1400.50;té
T080;2024-01-09;C008;1400.00;té
T081;2024-01-09;C004;2200.00;jugo
T082;10/01/2024;;1800;jugo
T083;2024-01-10;C007;$1500,50;pastel
T084;2024-01-10;C003;1800;café
T085;2024-01-10;C008;3200.00;sándwich
T086;10/01/2024;C005;$1400,50;té
T087;2024-01-10;C001;3500.50;sándwich
T088;2024-01-11;C008;1800.50;jugo
T089;2024-01-11;C004;2200.50;jugo
T090;2024-01-11;C007;1800;café
T091;2024-01-11;C003;1500.50;pastel
T092;2024-01-11;C008;1800.50;jugo
T093;2024-01-12;C005;1200;pastel
T094;2024/01/12;C007;1800;café
T095;12/01/2024;C004;$1800,50;jugo
T096;12/01/2024;C002;1200;pastel
T097;2024/01/12;C005;1800.50;café
T098;2024-01-12;C007;3200;Sándwich
T099;2024-01-13;C004;1600.00;té
T100;2024/01/13;C001;3200.00;sándwich
T101;13/01/2024;C005;1800.00;café
T102;2024-01-13;C002;1500.50;pastel
T103;2024-01-14;C007;2800.50;sándwich
T104;14/01/2024;C005;2500.50;café
T105;14/01/2024;C003;$1500,50;pastel
T106;2024-01-14;C001;1800;cafe
T107;2024-01-14;C004;3500.50;sándwich
T108;2024/01/14;C008;2800.50;sándwich
T109;2024/01/14;C004;1800;jugo
T110;2024-01-14;C007;2200.00;jugo
T111;2024-01-14;C006;3500.00;sándwich
T112;14/01/2024;C004;1600;té
T113;2024-01-14;C002;$2200,50;jugo
T114;2024/01/15;C004;3200.00;sándwich
T115;2024/01/15;C003;1600;té
T116;2024-01-15;C005;2200.00;jugo
T117;2024-01-15;C006;$1500,50;pastel
T118;2024/01/15;C004;$2800,50;sándwich
T119;2024-01-15;C001;2500.50;café
T120;2024-01-16;C004;$1200,50;pastel
T121;2024-01-16;C001;$1500,50;pastel
T122;16/01/2024;C002;1500.00;pastel
T123;2024-01-16;;1500.00;pastel
T124;16/01/2024;C008;2500.00;café
T125;2024-01-16;C005;$1400,50;té
T126;17/01/2024;C007;1800.50;Café
T127;2024-01-17;C003;3500;sándwich
T128;2024-01-17;C005;3200;Sándwich
T129;2024-01-17;C004;$1400,50;té
T130;2024-01-17;C006;2200;jugo
T131;2024-01-17;C008;$2800,50;Sándwich
T132;17/01/2024;C006;2800.50;sándwich
T133;2024-01-17;C005;1800.00;jugo
T134;2024/01/17;C006;1800.50;jugo
T135;18/01/2024;C001;1400;té
T136;2024/01/18;C005;2800.00;sandwich
T137;2024-01-18;C001;1500.00;café
T138;18/01/2024;C006;1500.00;pastel
T139;18/01/2024;C001;1500.50;café
T140;2024-01-18;C002;2200.50;jugo
T141;2024-01-18;C005;1600.50;té
T142;18/01/2024;C004;1500;café
T143;2024-01-18;C007;1500.50;café
T144;2024-01-19;C001;2800.00;sándwich
T145;2024-01-19;C007;2200.50;jugo
T146;2024-01-19;C006;$1500,50;pastel
T146;2024-01-19;C006;$1500,50;pastel
T147;2024-01-19;C002;1500.00;pastel
T148;2024-01-19;C002;2800.50;sándwich
T149;2024-01-19;C005;1200;pastel
T150;2024-01-19;C008;1500.50;café
T151;2024-01-19;C006;1600.00;té
T152;2024-01-19;C006;3200.00;sandwich
T153;20/01/2024;C002;2500.00;café
T154;2024-01-20;C004;1800.00;Café
T155;2024-01-20;C003;3500;sándwich
T156;2024-01-20;C005;1400;té
T157;2024-01-20;C006;1400.50;té
T158;2024-01-20;C003;3200.00;sándwich
T159;2024-01-20;C002;1800.50;jugo
T160;2024-01-20;C007;1200.00;pastel
T161;2024-01-20;C008;$1500,50;pastel
T162;2024-01-21;C002;1200.50;pastel
T163;2024-01-21;C003;1400.00;té
T164;2024-01-21;C001;1400;té
T165;2024-01-21;C008;1500.50;pastel
T166;2024-01-21;C008;1800.00;jugo
T167;2024/01/21;C004;1600.00;té
T168;21/01/2024;C002;2200.00;jugo
T169;2024/01/21;C003;1500.50;café
T170;2024-01-22;C007;2800.50;sándwich
T171;22/01/2024;C006;1800.00;café
T172;2024/01/22;C001;1500.00;pastel
T173;2024-01-22;C005;1500.00;pastel
T173;2024-01-22;C005;1500.00;pastel
T174;2024-01-23;C008;1600.50;té
T175;23/01/2024;C001;1200.00;pastel
T176;2024/01/23;C002;2500.50;café
T177;23/01/2024;C001;$1800,50;café
T178;2024-01-23;C006;1800;cafe
T179;2024/01/23;C006;1200.50;pastel
T180;2024-01-23;C003;2200;jugo
T181;24/01/2024;C001;$1800,50;jugo
T182;2024-01-24;C008;3200;sandwich
T183;24/01/2024;C002;2500.00;café
T184;24/01/2024;C008;2200.50;jugo
T185;2024-01-25;C002;$2800,50;sandwich
T186;2024-01-25;C005;2800;sándwich
T187;25/01/2024;C006;2200.50;jugo
T188;2024-01-25;C007;$1500,50;café
T189;2024-01-25;C008;1500.50;café
T190;2024/01/25;C008;1800.50;jugo
T191;2024-01-26;C007;1400.50;té
T192;2024/01/26;C007;2500.50;café
T193;2024-01-26;C008;1500.00;pastel
T194;26/01/2024;C006;1500;pastel
T194;26/01/2024;C006;1500;pastel
T195;26/01/2024;C003;$1600,50;té
T196;2024/01/26;C002;1500;pastel
T197;2024-01-27;;1500.50;pastel
T198;2024-01-27;C002;1400.50;té
T199;2024-01-27;C002;2200.00;jugo
T200;27/01/2024;C003;2200.50;jugo
T201;2024-01-27;C005;1500.50;café
T202;2024-01-27;C005;$1600,50;té
T203;2024-01-27;C002;2800.50;sandwich
T203;2024-01-27;C002;2800.50;sandwich
T204;2024-01-27;C001;$1400,50;té
T205;27/01/2024;C007;1600.50;té
T206;2024-01-27;C005;$1600,50;té
T207;2024-01-28;C001;2200.00;jugo
T208;28/01/2024;C006;$3500,50;sándwich
T209;2024-01-28;C002;1500.00;pastel
T210;2024/01/28;C005;$1200,50;pastel
T211;2024/01/28;C003;$1800,50;jugo
T212;2024/01/28;C008;2800.50;sándwich
T213;2024-01-28;C004;1800.00;café
T214;2024-01-28;C002;$2200,50;jugo
T215;2024-01-29;C007;3200.00;sándwich
T216;2024/01/29;C005;2200;jugo
T217;2024-01-29;C002;1400;té
T218;2024-01-29;C003;3500.50;Sándwich
T219;29/01/2024;C003;3200.00;sándwich
T220;2024-01-29;C005;1500.50;pastel
T221;2024-01-30;C001;2200;jugo
T222;2024-01-30;C001;2200.50;jugo
T223;2024-01-30;C008;1400;té
T224;2024-01-30;C004;$1600,50;té
T225;2024-01-30;;1500.50;café
T226;30/01/2024;C001;1600.50;té
T227;2024-01-30;C003;2200.50;jugo
T228;2024-01-30;C004;3500.50;sándwich
T229;2024-01-31;C008;3500.50;sándwich
T230;2024/01/31;C007;3200.00;sándwich
T231;2024/01/31;;1500.50;pastel
T232;2024/01/31;C004;3500.50;sándwich
T233;2024-01-31;C004;2500;café
T234;31/01/2024;C006;1200.50;pastel
T235;2024-01-31;C003;$2500,50;café
T236;2024-01-31;C005;1800;jugo
T237;2024/01/31;C001;2500.50;Café
T238;2024/01/31;C005;2200.50;jugo
T239;2024/01/31;C008;1800.50;café
T240;31/01/2024;C008;1800;cafe
